{
    "train_loss": [
        0.13497721198566107,
        0.02331900281109372,
        0.016259850763088585,
        0.01346559871976473,
        0.012935107973005091,
        0.015382860939265514,
        0.020129526566181864,
        0.023790246483926872,
        0.031554682332338116,
        0.06665097678802451,
        0.1106468350911627,
        0.11023192974377652,
        0.09931090124407593,
        0.09844287378447396,
        0.09926116877064413,
        0.10116003164831473,
        0.10102144567942133,
        0.10149079470001922,
        0.10160932492236702,
        0.10148167564552657,
        0.09955555154960982,
        0.0909619892434198,
        0.0913734139532459,
        0.09279683931749694,
        0.09137363290908385,
        0.09162943232424405,
        0.10171246680678153,
        0.09715867559520566,
        0.10499106834129411,
        0.1048530507452634,
        0.10311318781911111,
        0.09957856243970442,
        0.09766956190673673,
        0.09730594301102113,
        0.09907001104890084,
        0.10441640688448536,
        0.09827650034306001,
        0.09807545402828528,
        0.09671521232444413,
        0.09936634025403432,
        0.10014016089998946,
        0.1013558534335117,
        0.0972769838206622,
        0.11165764486911345,
        0.10165989049235169,
        0.09814099298447979,
        0.10638513355230798,
        0.10472111784073772,
        0.10685013721183854,
        0.09577726998499461,
        0.0881238614722174,
        0.0877106033113538,
        0.08859993563014634,
        0.08918398116924325,
        0.0972092802427253
    ],
    "val_recon": [
        0.09124928837021191,
        0.07725435743729274,
        0.07128264009952545,
        0.0686890905102094,
        0.06778057850897312,
        0.06801208481192589,
        0.0715229536096255,
        0.07272830108801524,
        0.08301020661989848,
        0.12334955980380376,
        0.31490764518578845,
        0.10407195488611858,
        0.10120611389478047,
        0.10113779579599698,
        0.10234344998995464,
        0.10368592167894046,
        0.1029784120619297,
        0.10432259738445282,
        0.10466042906045914,
        0.10529869546492894,
        0.10376142586270969,
        0.09688825036088626,
        0.1045629046857357,
        0.09967664629220963,
        0.09626870850721995,
        0.09707401196161906,
        0.13317996511856714,
        0.09942115346590678,
        0.10755260412891705,
        0.10763134558995564,
        0.10390773167212804,
        0.10073928783337276,
        0.1013135053217411,
        0.10027150809764862,
        0.10237123693029086,
        0.10722328722476959,
        0.10301133121053378,
        0.10073572273055713,
        0.09684858719507854,
        0.10807674750685692,
        0.10170422991116841,
        0.10284696395198505,
        0.09970336904128392,
        0.1117226021985213,
        0.09730816011627515,
        0.10378492251038551,
        0.10777854919433594,
        0.10532814015944798,
        0.1115507036447525,
        0.09138157963752747,
        0.08933709313472112,
        0.08925141145785649,
        0.08979551121592522,
        0.09464416901270549,
        0.10325319319963455
    ],
    "val_vel": [
        0.006872321867073576,
        0.005759165855124593,
        0.004779803877075513,
        0.004200612776912749,
        0.00396295675697426,
        0.0035888835166891417,
        0.003355449608837565,
        0.0031054720748215914,
        0.0031600361301874122,
        0.003216113895177841,
        0.006447288130099575,
        0.0021112298515314856,
        0.0018979960780901213,
        0.0018009515673232575,
        0.0016969173836211364,
        0.001692785241175443,
        0.0016159207637732227,
        0.0015638884700213869,
        0.0015393765255187948,
        0.0016009329701773822,
        0.0016085653332993388,
        0.00171675734842817,
        0.0016325259736428659,
        0.001638279218847553,
        0.001683298886443178,
        0.001674135234983017,
        0.001550557732116431,
        0.0016216338844969869,
        0.0016095353251633544,
        0.001505112062053134,
        0.0014243449938173096,
        0.0013687428242216508,
        0.0013849850317152839,
        0.001384932897053659,
        0.0013782471263160307,
        0.0013219882966950536,
        0.0013414453521060448,
        0.001351001866472264,
        0.0013522551550219457,
        0.0013336780830286443,
        0.0013663355687943597,
        0.00129473494598642,
        0.0013188484978551667,
        0.0018647181568667293,
        0.0014349135259787242,
        0.0013616091843384008,
        0.00143427731624494,
        0.0013842872576788068,
        0.001401280052959919,
        0.0013811553556782503,
        0.0013508124587436516,
        0.0013608004665002227,
        0.0013592270746206243,
        0.0013378159880327682,
        0.0013001909828744829
    ],
    "val_jerk": [
        0.03587078551451365,
        0.029553357511758804,
        0.02371454642464717,
        0.020455031966169674,
        0.019310707226395607,
        0.016729222455372412,
        0.01547115109860897,
        0.014013686527808508,
        0.014539564649264017,
        0.015435976907610893,
        0.04331490149100622,
        0.007315380188326041,
        0.005919244062776367,
        0.005478590494021773,
        0.004787870139504473,
        0.004932058121388157,
        0.004378452082164586,
        0.004053041144895057,
        0.003922600531950593,
        0.004409762176995476,
        0.004110526409931481,
        0.004860760256027182,
        0.004441037463645141,
        0.004514118190854788,
        0.0049098406452685595,
        0.004972261531899373,
        0.0035660426753262677,
        0.0046110273494074745,
        0.004822039123003681,
        0.004167767590843141,
        0.003101932117715478,
        0.00268650675813357,
        0.002875476027838886,
        0.0029107253843297562,
        0.002791643957607448,
        0.002329225263868769,
        0.0024814874244232974,
        0.002673407318070531,
        0.002622527885250747,
        0.0024263617039347687,
        0.0028133008939524493,
        0.002269390970468521,
        0.0024453684066732726,
        0.006801520784695943,
        0.0032777099404484034,
        0.0026611960493028164,
        0.0033176817620793977,
        0.0030659119753787913,
        0.0032703200510392585,
        0.0028566130980228386,
        0.0027996457647532225,
        0.002963769482448697,
        0.0029818388478209576,
        0.0028203914019589624,
        0.0025161121739074588
    ],
    "perplexity": [
        280.3333333333333,
        325.6666666666667,
        316.1666666666667,
        308.8333333333333,
        301.5,
        279.3333333333333,
        251.83333333333334,
        250.5,
        213.66666666666666,
        73.0,
        26.333333333333332,
        17.166666666666668,
        22.166666666666668,
        26.0,
        26.166666666666668,
        19.5,
        15.166666666666666,
        11.833333333333334,
        15.333333333333334,
        18.166666666666668,
        61.333333333333336,
        84.0,
        62.5,
        70.66666666666667,
        71.33333333333333,
        63.166666666666664,
        23.5,
        52.833333333333336,
        4.0,
        4.0,
        31.833333333333332,
        42.0,
        44.166666666666664,
        43.0,
        47.0,
        26.666666666666668,
        40.666666666666664,
        49.0,
        48.833333333333336,
        21.166666666666668,
        25.833333333333332,
        23.166666666666668,
        27.0,
        23.5,
        25.333333333333332,
        23.666666666666668,
        13.0,
        18.833333333333332,
        14.833333333333334,
        41.666666666666664,
        43.0,
        43.666666666666664,
        42.833333333333336,
        41.166666666666664,
        40.333333333333336
    ],