{
    "train_loss": [
        0.14663465594758793,
        0.029878187886610324,
        0.01949771157256803,
        0.014054705141758432,
        0.0131560494857175,
        0.014745893289468117,
        0.017065905984871243,
        0.023943675073738,
        0.03749769899461951,
        0.08071601139951726,
        0.10776300713115809,
        0.1038910562590677,
        0.10153839615534763,
        0.1037832761601526,
        0.10073588560430372,
        0.10121330482010939,
        0.10081845628363746,
        0.10116214320367696,
        0.1017093368026675,
        0.10155548292155168,
        0.10238496396614581,
        0.1037865909082549,
        0.10279552942636061,
        0.103089660710218,
        0.10433656159712344,
        0.10532512302909579,
        0.10436738784215888,
        0.10475010865805101,
        0.104669524394736,
        0.10593451194617214,
        0.10563367149051354,
        0.1055918951727906,
        0.10625836709324195,
        0.10564473925196395,
        0.10618308140915267,
        0.10639652837904132,
        0.10833990604293589,
        0.106990249333333,
        0.10713357949743466,
        0.10701094689417859,
        0.10853700187741494,
        0.10637788672228249,
        0.10634878292983892,
        0.1061416294197647,
        0.10626239010265895,
        0.10481326859824512,
        0.10537955727504224,
        0.10532243306539496,
        0.10521355818729011,
        0.10542689066152183,
        0.10512168386152812,
        0.10462172435862678,
        0.104565045967394,
        0.10412728619210575
    ],
    "val_recon": [
        0.09937223419547081,
        0.08144918953378995,
        0.07173604642351468,
        0.06812905271848042,
        0.06916946296890576,
        0.06956231221556664,
        0.06866762538750966,
        0.07645132516821225,
        0.08609409257769585,
        0.10408500706156094,
        0.10411852225661278,
        0.10042756920059522,
        0.10788474231958389,
        0.10229913145303726,
        0.10071048016349475,
        0.10052183518807094,
        0.10200275604923566,
        0.10259452958901723,
        0.10237452387809753,
        0.10391924778620402,
        0.10395790015657742,
        0.10428914551933606,
        0.1048763245344162,
        0.1091308742761612,
        0.10758137082060178,
        0.10941152771313985,
        0.10461722314357758,
        0.10620104024807613,
        0.10874524836738904,
        0.10816453645626704,
        0.10381946091850598,
        0.106947456796964,
        0.10530087475975354,
        0.10636066893736522,
        0.10557865848143895,
        0.10705705483754475,
        0.11081341529885928,
        0.10674631223082542,
        0.10605047643184662,
        0.10643153513471286,
        0.10711006199320157,
        0.11208019157250722,
        0.11022210617860158,
        0.11210806046923001,
        0.10665423050522804,
        0.10619716842969258,
        0.10426577801505725,
        0.10553366566697757,
        0.1046941081682841,
        0.10574495171507199,
        0.10396843527754147,
        0.10282216966152191,
        0.1097780279815197,
        0.1037158432106177
    ],
    "val_vel": [
        0.008092593867331743,
        0.006021030402431886,
        0.00514160740810136,
        0.004520452193294962,
        0.004170601023361087,
        0.0038125181648259363,
        0.003443958858648936,
        0.003330867310675482,
        0.0028619812025378146,
        0.0026322841101015606,
        0.002356978948228061,
        0.0018857888838586707,
        0.0020404527507101498,
        0.0018232760873312752,
        0.0017411666534220178,
        0.0016411558996575575,
        0.001593094823571543,
        0.0015708095937346418,
        0.0015790155157446861,
        0.0015104871902925272,
        0.0015180444267267983,
        0.0014965717176285882,
        0.0014229462831281126,
        0.0013847784721292555,
        0.0014997923475069304,
        0.001400463127841552,
        0.0013714934854457776,
        0.001369005748225997,
        0.001383819345695277,
        0.0012962220353074372,
        0.001311010370651881,
        0.0013168887817300856,
        0.00130462710512802,
        0.0012811034490975242,
        0.0012855662498623133,
        0.0012802754645235837,
        0.0012844040563019614,
        0.0012655013124458492,
        0.0012366092996671796,
        0.0012512389415254195,
        0.0012409243111809094,
        0.0012642790485794346,
        0.001270909677259624,
        0.0012854643670531611,
        0.0012376074446365237,
        0.001246667079006632,
        0.0012330771423876286,
        0.0012349894386716187,
        0.0012150616385042667,
        0.00122636160813272,
        0.0012073253941101332,
        0.0012218928895890713,
        0.001228030538186431,
        0.001240051332085083
    ],
    "val_jerk": [
        0.044492543985446296,
        0.03249421467383703,
        0.02722331043332815,
        0.02367511484771967,
        0.02173185193290313,
        0.019749142850438755,
        0.017246964387595654,
        0.01654785576586922,
        0.013620404992252588,
        0.012233972549438477,
        0.010446373683710894,
        0.006531373442461093,
        0.007072638953104615,
        0.005917319329455495,
        0.005243341050421198,
        0.004486253097032507,
        0.004141079106678565,
        0.004018333740532398,
        0.003975841760014494,
        0.0035203524166718125,
        0.003626961416254441,
        0.0034320674215753875,
        0.0028836217631275454,
        0.0025572493517150483,
        0.0035521368651340404,
        0.002609561546705663,
        0.002441946455898384,
        0.002560043086608251,
        0.0026166381236786642,
        0.0019490420236252248,
        0.0021296827665840587,
        0.0021937700609366098,
        0.002073031811354061,
        0.0018623373665226002,
        0.0018709672537321846,
        0.0018683649444331725,
        0.0018206093033465247,
        0.0017803778949504097,
        0.0015331643517129123,
        0.0016352850943803787,
        0.001537435552260528,
        0.0016435499225432675,
        0.0016808250414518018,
        0.0018179898421900968,
        0.0015116478510511417,
        0.0015378286868023376,
        0.0014924251978906493,
        0.0014936502363222341,
        0.0013403485645540059,
        0.0014197442408961554,
        0.001315026970890661,
        0.0013971625206371148,
        0.0013873642892576754,
        0.0015113812987692654
    ],
    "perplexity": [
        327.5,
        413.3333333333333,
        419.0,
        397.5,
        354.1666666666667,
        347.3333333333333,
        330.0,
        291.0,
        208.66666666666666,
        50.833333333333336,
        24.666666666666668,
        21.833333333333332,
        20.333333333333332,
        27.666666666666668,
        32.0,
        28.166666666666668,
        28.166666666666668,
        24.666666666666668,
        22.0,
        19.5,
        19.166666666666668,
        14.833333333333334,
        14.666666666666666,
        13.333333333333334,
        12.166666666666666,
        12.833333333333334,
        10.833333333333334,
        11.5,
        11.833333333333334,
        11.166666666666666,
        10.833333333333334,
        8.666666666666666,
        9.166666666666666,
        9.0,
        9.5,
        8.666666666666666,
        9.166666666666666,
        9.0,
        8.166666666666666,
        9.0,
        7.5,
        9.166666666666666,
        9.5,
        9.833333333333334,
        9.0,
        9.5,
        9.0,
        9.166666666666666,
        10.0,
        9.5,
        9.0,
        9.333333333333334,
        9.666666666666666,
        9.833333333333334
    ],