{
    "train_loss": [
        0.12648952991834708,
        0.02476712147116053,
        0.01784650137533947,
        0.014699399148171045,
        0.01310453858530643,
        0.01267333085439643,
        0.013282696697480825,
        0.014819401259324988,
        0.01784372335413889,
        0.02411706399704729,
        0.03536685096214012,
        0.06406523705441125,
        0.10723678706860056,
        0.10512080955870297,
        0.10250196681947124,
        0.10016561497230919,
        0.10545910697202293,
        0.09735994770818827,
        0.08957016772153426,
        0.08859024014399976,
        0.0873026320216607,
        0.09009140258540912,
        0.09264306860918901,
        0.0938303992152214,
        0.09670320655010184,
        0.09616957255163971,
        0.09606540096657616,
        0.0985047806586538,
        0.10033627781940967,
        0.10238570126951957,
        0.10595659957248338,
        0.10829160134403074,
        0.10640873030132177,
        0.10280736474966516,
        0.10006008266794439,
        0.0981001714054419,
        0.09893572178422189,
        0.09850346920441608,
        0.09698323084383595,
        0.09710165614984473,
        0.0997509484996601,
        0.10043196790680593,
        0.09768285100557367,
        0.09750100362057589,
        0.09704018794760412,
        0.0960088165438905,
        0.09556523239126011,
        0.0952607583330602,
        0.09435296894944444,
        0.0938222494964697,
        0.09279702314916922,
        0.09379698837898215,
        0.09269918759866637,
        0.09276587181553549,
        0.0917480607726136,
        0.09165318705597703,
        0.09146514382897591
    ],
    "val_recon": [
        0.09320928156375885,
        0.07737045735120773,
        0.0722217746078968,
        0.06855279952287674,
        0.06614052752653758,
        0.06538549872736137,
        0.06420925135413806,
        0.06571157897512118,
        0.06644180603325367,
        0.06839821922282378,
        0.07421509052316348,
        0.13168303295969963,
        0.11823326100905736,
        0.11182363828023274,
        0.10773037746548653,
        0.10608834897478421,
        0.11177442719539006,
        0.09662805870175362,
        0.09322655076781909,
        0.09099849686026573,
        0.09218728418151538,
        0.09557914485534032,
        0.09640202547113101,
        0.09992966180046399,
        0.09892187515894572,
        0.09802926580111186,
        0.09850482642650604,
        0.11185341204206149,
        0.10319874063134193,
        0.10580552866061528,
        0.10756780207157135,
        0.11183537542819977,
        0.11182039106885593,
        0.103158138692379,
        0.10473492120703061,
        0.10044298693537712,
        0.10185095792015393,
        0.10010034218430519,
        0.09836391732096672,
        0.10009686773022015,
        0.10314420734842618,
        0.09900252893567085,
        0.09928217902779579,
        0.09784018248319626,
        0.09961901108423869,
        0.09736079722642899,
        0.09708866352836291,
        0.09631165365378062,
        0.09552390625079472,
        0.0952254335085551,
        0.09369561200340588,
        0.09478997563322385,
        0.12450682371854782,
        0.09426287313302358,
        0.09700410813093185,
        0.09725652014215787,
        0.09991181765993436
    ],
    "val_vel": [
        0.007119326386600733,
        0.005089276315023501,
        0.004655490629374981,
        0.00402009979976962,
        0.0037018215904633203,
        0.003468537819571793,
        0.0031425946314508715,
        0.003148675508176287,
        0.0030429086182266474,
        0.002698595325152079,
        0.0026411955865720906,
        0.0026263140607625246,
        0.0026644479172925153,
        0.0020519525666410723,
        0.0017992130985173087,
        0.0020630622166208923,
        0.00211024391076838,
        0.001712472546690454,
        0.0016958358076711495,
        0.0017266554447511833,
        0.001709089536840717,
        0.0016303991821284096,
        0.0015984658190670113,
        0.001564855920150876,
        0.0016004460436912875,
        0.0015163695012840133,
        0.0015235175184595089,
        0.0015557038132101297,
        0.0014541162721191843,
        0.0014918412004287045,
        0.001419494937484463,
        0.0014655342674814165,
        0.0014973231979335349,
        0.00144846048594142,
        0.001419142761733383,
        0.0014338466377618413,
        0.0013784192463693519,
        0.0013816905751203497,
        0.001380126360648622,
        0.0013327199073197942,
        0.0013826283781478803,
        0.0013253782720615466,
        0.0013352526002563536,
        0.0013299218262545764,
        0.0013587091040487091,
        0.001323456138682862,
        0.001324512258482476,
        0.00129590763632829,
        0.0013197289081290364,
        0.0013007514644414186,
        0.0013224459253251553,
        0.0012937717450161774,
        0.0013319278174700837,
        0.0012839037420538564,
        0.0013425806731296082,
        0.0013045831583440304,
        0.0012939499768738945
    ],
    "val_jerk": [
        0.039918641870220505,
        0.026872267636160057,
        0.02478570956736803,
        0.020570884148279827,
        0.018851392591993015,
        0.017541398915151756,
        0.015357075569530329,
        0.015731693400690954,
        0.015128350506226221,
        0.01257935119792819,
        0.012302284905066093,
        0.01190622647603353,
        0.014511674332122007,
        0.008217649068683386,
        0.005866193600619833,
        0.008342833491042256,
        0.008852552777777115,
        0.0055141139309853315,
        0.005332652557020386,
        0.005563659826293588,
        0.005629930334786574,
        0.004976103315129876,
        0.004774647221590082,
        0.004513472085818648,
        0.004683679668232799,
        0.0041078804060816765,
        0.004220643003160755,
        0.004347684637953837,
        0.003678718232549727,
        0.004006143853378792,
        0.003357751799436907,
        0.0036104250078399978,
        0.0037583107283959785,
        0.003553358061860005,
        0.003271543770097196,
        0.003334525041282177,
        0.002862664250036081,
        0.0029720469998816648,
        0.002939431113190949,
        0.0025819025856132307,
        0.00279863434843719,
        0.002654399606399238,
        0.0027164491281534233,
        0.0026674645875270167,
        0.0028847889431441822,
        0.00265314270897458,
        0.002661296787361304,
        0.0024741740974908075,
        0.002620378586774071,
        0.002541587377587954,
        0.0026338796596974134,
        0.002452665784706672,
        0.0026703481562435627,
        0.0024071921361610293,
        0.002946720652592679,
        0.002745465336677929,
        0.002620512891250352
    ],