{
    "train_loss": [
        0.11533791043472533,
        0.02477417871051905,
        0.016374513639935424,
        0.013365752491339738,
        0.012205399097684694,
        0.012780601624399424,
        0.01460550584811337,
        0.019273949958079933,
        0.030575416373963257,
        0.07272635362282091,
        0.12115587583001779,
        0.11286633051171595,
        0.0977798055629341,
        0.09571468161076915,
        0.09615794903769785,
        0.0981299627800377,
        0.09893642578806196,
        0.09934956945326863,
        0.09939907673670322,
        0.09963992755023801,
        0.09976406988440728,
        0.10008805944603316,
        0.10014305735120968,
        0.09987644030123341,
        0.09993480754141905,
        0.1000136631179829,
        0.10084305581997852,
        0.10029224701681916,
        0.10050424948638799,
        0.10005488033805575,
        0.10005657374858856,
        0.10018627786514711,
        0.10006439427332002,
        0.10093233567111347,
        0.10026240318405386,
        0.10096025147608348,
        0.10087910294532776,
        0.1006956691948735,
        0.10104763249353486,
        0.10270778469893398,
        0.10063816576587911,
        0.10036391080642233,
        0.10081306966591855,
        0.10046685046079207,
        0.10059162989562871,
        0.1003647119719155,
        0.10073059356334257,
        0.10102758328525388,
        0.10094621838355551,
        0.10091295184529557,
        0.10069170746268058,
        0.10100562338318143,
        0.10092917601672971,
        0.10046162821200429,
        0.10009944636602791,
        0.10053368536185245
    ],
    "val_recon": [
        0.09127130111058553,
        0.07573130478461583,
        0.07013991971810658,
        0.06641934687892596,
        0.0651614951590697,
        0.06475593149662018,
        0.06619777033726375,
        0.06959337244431178,
        0.10188229506214459,
        0.11286511520544688,
        0.12440802901983261,
        0.10817652319868405,
        0.10246520241101582,
        0.10098332911729813,
        0.10382408648729324,
        0.10192732761303584,
        0.10847505554556847,
        0.10629722227652867,
        0.10466018194953601,
        0.10731582343578339,
        0.10264384249846141,
        0.10455206284920375,
        0.10450540731350581,
        0.10866425807277362,
        0.1042489508787791,
        0.10316778222719829,
        0.10543432335058849,
        0.10082695012291272,
        0.10106734186410904,
        0.10554232945044835,
        0.1008165789147218,
        0.1015821782251199,
        0.10583790888388951,
        0.10119159395496051,
        0.10128407801191013,
        0.10721241310238838,
        0.1044220042725404,
        0.10502946749329567,
        0.10474056502183278,
        0.10347423826654752,
        0.10236269483963649,
        0.1039078136285146,
        0.10859793548782666,
        0.10664069652557373,
        0.10269871105750401,
        0.10461856797337532,
        0.10126420110464096,
        0.10446304455399513,
        0.10455666606624921,
        0.10167057191332181,
        0.10753377651174863,
        0.1026079331835111,
        0.10102879628539085,
        0.10524881258606911,
        0.11114332576592763,
        0.10070905834436417
    ],
    "val_vel": [
        0.00762566380823652,
        0.0059193385144074755,
        0.005109051475301385,
        0.004404242072875301,
        0.003977286823404332,
        0.003536856034770608,
        0.0033721823322897158,
        0.003273701023620864,
        0.0028029205665613213,
        0.0029477012576535344,
        0.003737543748381237,
        0.002287146868184209,
        0.0022169063643862805,
        0.001980537335233142,
        0.0018562865249502163,
        0.001777859521098435,
        0.0017568511927189927,
        0.0016842132123808067,
        0.0016496757549854617,
        0.0016103382998456557,
        0.0016123108022535841,
        0.0015427334583364427,
        0.001534084090963006,
        0.001508365113598605,
        0.0015097146776194374,
        0.0014528924172433715,
        0.0014819719945080578,
        0.00148662063293159,
        0.0014360696077346802,
        0.0014558006078004837,
        0.001415502493424962,
        0.0014316575834527612,
        0.0014041761169210076,
        0.001387350222406288,
        0.0013887173845432699,
        0.0013984559724728267,
        0.0013930853262233238,
        0.0013905281278615196,
        0.001342072830690692,
        0.001393162354361266,
        0.0013558322680182755,
        0.0013601447572000325,
        0.0013406810661156972,
        0.0013348704087547958,
        0.001356790113883714,
        0.0013411437394097447,
        0.001317163851733009,
        0.0013357233256101608,
        0.0013097439659759402,
        0.0013109203816081088,
        0.0013159487086037795,
        0.0013058915889511506,
        0.0013035066852656503,
        0.001302298759886374,
        0.0013008179763952892,
        0.0012929473111095529
    ],
    "val_jerk": [
        0.04273489055534204,
        0.031564345272878803,
        0.02697846821198861,
        0.022852934896945953,
        0.02040089014917612,
        0.017355934716761112,
        0.016344511415809393,
        0.015914670346925657,
        0.012195136087636152,
        0.012866934450964132,
        0.021846312719086807,
        0.009630385475854078,
        0.008995192125439644,
        0.006953694236775239,
        0.005883268546313047,
        0.005188148468732834,
        0.005047716821233432,
        0.0045338097649316,
        0.004247819655574858,
        0.003926763272223373,
        0.0039968687342479825,
        0.0034157358265171447,
        0.0033210036732877293,
        0.0032306416736294827,
        0.003211922012269497,
        0.002745258272625506,
        0.003092040579455594,
        0.0030056039492289224,
        0.0026533585817863545,
        0.00280234400027742,
        0.0024941080094625554,
        0.0026358161121606827,
        0.0024162691552191973,
        0.002273506213289996,
        0.0023192665927732983,
        0.0024683480927099786,
        0.0024283931513006487,
        0.002361831061231593,
        0.001950661341349284,
        0.0023224086035043,
        0.002091433523067584,
        0.0021677795254314938,
        0.0019121651033249993,
        0.001985340437386185,
        0.0020923493818069496,
        0.0019872527142676213,
        0.0017953886417672038,
        0.0019557830722381673,
        0.0017017693996119003,
        0.0017101901855009298,
        0.001740680697063605,
        0.0016645369857239227,
        0.0016564829275012016,
        0.0017140469475028415,
        0.0017214724988055725,
        0.001605188474059105
    ],