{
    "train_loss": [
        375.0867030863859,
        173.91736011115873,
        113.0372063773019,
        79.01770836966378,
        61.596186579490194,
        51.74745259966169,
        45.31069370191924,
        41.11803601712597,
        36.6588372211067,
        33.272682812749125,
        31.0720549213643,
        29.99085169422383,
        27.812911169869558,
        26.069971902029856,
        25.15563949273557,
        23.690531244083328,
        22.66443696313975,
        22.72150467853157,
        21.03823114901173,
        19.725108925177125,
        18.862551241504903,
        18.38900634220668,
        17.683108796878738,
        16.98718721039441,
        16.736787893334213,
        15.94153122026093,
        14.854269144486407,
        15.026928930866475,
        14.346809893238301,
        13.932269174225477,
        13.539346675483548,
        13.116981136555575,
        12.725714012068146,
        12.516248712734301,
        12.088538782937187,
        11.926970131543218,
        11.554369157674362,
        10.973148667082494,
        10.618976232956866,
        10.853799469616948,
        10.024969942715703,
        9.740200821234255,
        9.770017906111114,
        9.517031835049998,
        8.893201176001101,
        9.217533384050641,
        8.899218140816203,
        8.457232514206243,
        8.336716987648789,
        7.802700067053036,
        7.952914101736886,
        7.689565882390859
    ],
    "train_recon_loss": [
        0.1869116749386398,
        0.09023067248719079,
        0.08442504962488097,
        0.0829571503765729,
        0.08134342532376854,
        0.07955750564531404,
        0.07834080044104129,
        0.07695330405721859,
        0.07610110315133115,
        0.07501450545933781,
        0.07400216724799603,
        0.07259794765589189,
        0.0711833538145435,
        0.0706002554114984,
        0.06933026106990113,
        0.06842694370722284,
        0.06797019080544005,
        0.06746835041106963,
        0.06709430648051963,
        0.06639137043028462,
        0.06604382046023194,
        0.06606922116206616,
        0.06589563609081872,
        0.06588992362423819,
        0.06571020299986917,
        0.06554726039876743,
        0.06539675114410264,
        0.06565932382126244,
        0.06548620669209228,
        0.06561154446431569,
        0.06599313225977275,
        0.06588072268938532,
        0.06617784910664266,
        0.06607508895044424,
        0.0661641311432634,
        0.06608175060578755,
        0.06590975197602292,
        0.06617083134395736,
        0.06623679528735121,
        0.06632421538233757,
        0.06613403262228382,
        0.06586936572376563,
        0.06653647618938466,
        0.06700431502291135,
        0.06710242913389693,
        0.06703555416695926,
        0.06692184530654732,
        0.06703841366938182,
        0.06691853473989332,
        0.06705248135389114,
        0.06725680037420623,
        0.06765408327384871
    ],
    "train_cross_loss": [
        0.18369870587271087,
        0.08954493488584246,
        0.08412323283905886,
        0.08207092555809994,
        0.08040950067189274,
        0.07868369455848422,
        0.0773991630697737,
        0.07625820016374393,
        0.07528419184441469,
        0.074297448810266,
        0.07345202093829914,
        0.07201232457039308,
        0.07046572833645101,
        0.0699975990823337,
        0.06883772888353892,
        0.06787907476631963,
        0.06763678819549326,
        0.06721417590671656,
        0.0666603229331727,
        0.06608466127393198,
        0.06578177213668823,
        0.06575275166910521,
        0.0655644494964152,
        0.06548860798380812,
        0.0653660745188898,
        0.06526297847835386,
        0.06515051424503326,
        0.06531773195887099,
        0.06496941670775414,
        0.06513380312493869,
        0.06558399031660994,
        0.0652703838993092,
        0.06546583574037163,
        0.06560370364055342,
        0.0657671213302077,
        0.06568861836377456,
        0.06532489903727356,
        0.06579783460011288,
        0.06581742210047585,
        0.06580566006655596,
        0.06558034492998707,
        0.0654394546029519,
        0.06594444826549413,
        0.06640386041633937,
        0.0666308482842786,
        0.06645402935694675,
        0.06653523103010897,
        0.06621408242048049,
        0.06640613930565971,
        0.06651837964143072,
        0.0665137837735974,
        0.06675715744495392
    ],
    "train_align_loss": [
        3.73968729437614,
        1.7337680191409832,
        1.1253010302173847,
        0.7852261735468494,
        0.6111115192880436,
        0.5127293868940703,
        0.4484389369585076,
        0.40658387754644665,
        0.3620495780998347,
        0.3282486194250535,
        0.306295065551388,
        0.295569221280059,
        0.2738814651966095,
        0.25648145164762226,
        0.24740895416055406,
        0.23281505612694486,
        0.22257094024395457,
        0.22316796469445133,
        0.20636685192584991,
        0.19327163741904863,
        0.18466475818838393,
        0.17993067767547102,
        0.17288304895770792,
        0.16592774829085993,
        0.16343183739452946,
        0.15548621543816157,
        0.14462082604972684,
        0.14633653921132184,
        0.13955462769586213,
        0.13539982663125408,
        0.13144440918552633,
        0.12723768160355334,
        0.12331235515219825,
        0.12121193932027233,
        0.11692582937527676,
        0.11531499225874337,
        0.11160894407301533,
        0.10577057834182467,
        0.1022272766092602,
        0.10457530161555932,
        0.09630017104197522,
        0.09346225584039883,
        0.09372854324019685,
        0.09117108294550254,
        0.08492061472973045,
        0.08817345679414515,
        0.08498744985886983,
        0.08058248855629746,
        0.07936904533785216,
        0.07402191121055156,
        0.0755222854109443,
        0.07287272027864748
    ],
    "train_vq_loss": [
        0.0,
        0.0,
        0.0,
        0.0,
        0.0,
        0.0,
        0.0,
        0.0,
        0.0,
        0.0,
        0.0,
        0.0,
        0.0,
        0.0,
        0.0,
        0.0,
        0.0,
        0.0,
        0.0,
        0.0,
        0.0,
        0.0,
        0.0,
        0.0,
        0.0,
        0.0,
        0.0,
        0.0,
        0.0,
        0.0,
        0.0,
        0.0,
        0.0,
        0.0,
        0.0,
        0.0,
        0.0,
        0.0,
        0.0,
        0.0,
        0.0,
        0.0,
        0.0,
        0.0,
        0.0,
        0.0,
        0.0,
        0.0,
        0.0,
        0.0,
        0.0,
        0.0
    ],