{
    "train_loss": [
        387.2894072240713,
        174.52026585170202,
        114.22124847100706,
        83.60440413805904,
        66.96830889643455,
        57.21213547064333,
        49.94850933308504,
        43.88935937686842,
        40.70119725441446,
        36.498024103592854,
        33.92565847902882,
        31.42494836145518,
        30.142083693523798,
        28.995955136357523,
        27.01784340216189,
        26.97216172121009,
        25.262365419037486,
        23.759652643787618,
        22.891288153979243,
        21.240900954421686,
        20.61961606084084,
        20.304009573800222,
        19.33748432081573,
        19.398217084456462,
        18.760545341335998,
        17.74201536178589,
        16.752650659911488,
        15.45626940046038,
        14.84840813461615,
        15.004301752362933,
        15.913933724773173,
        14.941264541781678,
        13.756382854617371,
        12.746456360330386,
        11.816792527023626,
        11.552654032804528,
        11.527572009028221,
        12.2139033687358,
        12.357858696762396,
        18.735602359382472,
        12.446629553425069,
        10.562005500404203,
        10.107738553261271,
        9.549446524405965
    ],
    "train_recon_loss": [
        0.20165756527258424,
        0.09361101063538571,
        0.08471543463517209,
        0.07940200442562298,
        0.07638412987699314,
        0.07361291561807905,
        0.07181583208088972,
        0.0704575457743236,
        0.06983806284106507,
        0.06898768466650224,
        0.06847723064069845,
        0.06818851433238204,
        0.067827186946358,
        0.06807740161917647,
        0.06759911676754757,
        0.0682835690677166,
        0.06822040099270489,
        0.06796774131302931,
        0.06850814576051673,
        0.06805401546310405,
        0.06885050123139304,
        0.06899734837364177,
        0.06930958646900799,
        0.06981955194959835,
        0.06948443122056065,
        0.06996530005518271,
        0.06970751027063447,
        0.07033242847846478,
        0.07166283638501654,
        0.07250239776105297,
        0.07227647395766511,
        0.07166920906426955,
        0.07209483914229335,
        0.07234216724731485,
        0.07337861736210025,
        0.07329563553235968,
        0.07414877886066631,
        0.07468014362515235,
        0.07528442524525585,
        0.07481263365064349,
        0.07433322725855575,
        0.07434143232447761,
        0.07519410398541665,
        0.07568885462016475
    ],
    "train_cross_loss": [
        0.20051857950736066,
        0.09425499305433156,
        0.08493928839357531,
        0.07946011332833038,
        0.0762709449140393,
        0.07313263978885144,
        0.07136823404200222,
        0.07027478561717637,
        0.06962099519311166,
        0.06891106137511682,
        0.06851120391974644,
        0.06819078227391048,
        0.06795308419636317,
        0.0680899680116955,
        0.06785317677624371,
        0.06810302773908693,
        0.06782204201635049,
        0.067721959735666,
        0.06814428114769411,
        0.06741064429587247,
        0.06801239796438996,
        0.0681859305774679,
        0.06833802361269387,
        0.06879334258181709,
        0.06851434874899533,
        0.06902800105055984,
        0.06878418042039385,
        0.06947338003285077,
        0.07060466797984376,
        0.07154277012664445,
        0.07130421728503947,
        0.07118110799667787,
        0.07139366393794819,
        0.07155462643321679,
        0.0723599793047321,
        0.07235228163855416,
        0.07322902886234985,
        0.07372169394274147,
        0.07440868658678872,
        0.07465648833586246,
        0.0730860569343275,
        0.07326996767399263,
        0.07400830378945993,
        0.07491168592657362
    ],
    "train_align_loss": [
        3.861981039144555,
        1.7407828569412231,
        1.1383444581712996,
        0.832498198869277,
        0.6663244555191118,
        0.5689480821697079,
        0.49641901497938196,
        0.4359000677965125,
        0.404055473755817,
        0.36206778640649756,
        0.33636752075078535,
        0.31137672264357,
        0.2985579453560771,
        0.2870771784563454,
        0.2673085418586828,
        0.2668207515867389,
        0.24972956764454746,
        0.2347101696899959,
        0.22599371994028286,
        0.20953101892860568,
        0.2032744635124596,
        0.20010943984498783,
        0.1904304407689036,
        0.1910095372978522,
        0.18464735119926687,
        0.17443143751244156,
        0.1645573713645643,
        0.15155697309849214,
        0.1453991351383073,
        0.14690167973844373,
        0.15600752298321044,
        0.14630395934289817,
        0.1344370416232518,
        0.12433079622533856,
        0.11498626823327979,
        0.11234416212050283,
        0.11204217716443296,
        0.1188768676805253,
        0.12026812516304912,
        0.1840221942687521,
        0.12123601047360168,
        0.10238116128104073,
        0.09779285867603457,
        0.0921581896896265
    ],
    "train_vq_loss": [
        -0.1281292137442803,
        -0.1265431326262805,
        -0.1254206655585036,
        -0.1246033467504443,
        -0.12412596600396293,
        -0.1240419497599407,
        -0.12402508392625926,
        -0.12435629234022023,
        -0.1241012901371839,
        -0.12402948326602274,
        -0.12381229944983307,
        -0.12350897247693976,
        -0.12290398229141625,
        -0.12184909122939012,
        -0.1213903188401339,
        -0.12019879887906873,
        -0.11938034727865336,
        -0.11935657977449651,
        -0.11870411190451408,
        -0.11868245382698214,
        -0.11810997417386697,
        -0.11820135235178228,
        -0.11788399304662432,
        -0.11782075084593831,
        -0.11752191231567033,
        -0.11750820644047795,
        -0.11798321075585423,
        -0.11837523202506864,
        -0.11744686869942413,
        -0.11731093224822259,
        -0.11683988723219657,
        -0.11791658644773523,
        -0.11759023474795478,
        -0.1179336424993009,
        -0.11820008453665948,
        -0.11800937476206799,
        -0.11811891030900333,
        -0.11823355376112218,
        -0.11743859840290886,
        -0.1158187412181679,
        -0.11783378404013965,
        -0.11791837914865844,
        -0.11790446526542002,
        -0.11774002654211861
    ],
    "train_vel_loss": [
        0.03036241254256088,
        0.007271775015990953,
        0.005622956958808461,
        0.004970969736804159,
        0.004500536998847918,
        0.004185428163416835,
        0.0039518641745101436,
        0.0037540523572919928,
        0.0036153606310182686,
        0.003464009151889049,
        0.003371585169997142,
        0.0032851046416908503,
        0.0032007605388608513,
        0.003118111661692359,
        0.0030293457343110015,
        0.0029731598606675255,
        0.0029170884874326233,
        0.0028292231204710447,
        0.002781966914974001,
        0.002748827625788292,
        0.00273412716936092,
        0.002679776732942888,
        0.00264906584361226,
        0.0025956323607919775,
        0.002551805456073917,
        0.0025491050387523614,
        0.00253650937134362,
        0.0024959235262049704,
        0.002510610473703365,
        0.002456944084213096,
        0.002447427796884155,
        0.002420796010149073,
        0.002411544665086026,
        0.0023902190269484203,
        0.002374589196121206,
        0.00238020752784701,
        0.0023586357877190623,
        0.0023229726666242493,
        0.0023140203331274037,
        0.002213722151913205,
        0.0021976437704751685,
        0.0022332830240531843,
        0.002242911236398682,
        0.002240484328560379
    ],