{
    "train_loss": [
        0.13031470304240986,
        0.02631483367663257,
        0.017818463434066092,
        0.014369691855141095,
        0.013487921077377943,
        0.017234747507134263,
        0.032092265404608786,
        0.029849915936285137,
        0.03355829406301586,
        0.039104599049504925,
        0.04909189577613558,
        0.08435190697105563,
        0.09798051264821267,
        0.09300059049713369,
        0.09508759604424846,
        0.0989744909563843,
        0.10008038063438571,
        0.09994910657405853,
        0.10032524457391427,
        0.10143018164196793,
        0.10129301964628454,
        0.09807661388601575,
        0.10125989892653056,
        0.10482975354000014,
        0.10291854900364973,
        0.10252177943380511,
        0.10286448591825914,
        0.10336266442829249,
        0.1040759763243247,
        0.10465257493208865,
        0.10507189026292489,
        0.10454809209521936,
        0.10461192441229918,
        0.10423929791669456,
        0.10384900548628398,
        0.10310453328551078,
        0.09911023977459693,
        0.09671448855375757,
        0.0967020614414799,
        0.10042567520725484,
        0.10161994504077095,
        0.10093461296388082,
        0.09994620860231165,
        0.09616837103147896,
        0.10417178212379923,
        0.10087278302834958,
        0.09790039564273795,
        0.1001888603276136,
        0.10202923736401967,
        0.10110258143775318,
        0.10005726984569005,
        0.10038235722755899,
        0.09989968276753718,
        0.10020450350581384,
        0.10026447277288048
    ],
    "val_recon": [
        0.09461664284269015,
        0.078828031818072,
        0.07185293734073639,
        0.06927885487675667,
        0.0690593992670377,
        0.07224078228076299,
        0.08555649220943451,
        0.07430289685726166,
        0.07920008152723312,
        0.08272784699996312,
        0.09921381374200185,
        0.1125170240799586,
        0.10510409747560819,
        0.09986061602830887,
        0.10533834497133891,
        0.10331843048334122,
        0.10282636309663455,
        0.10241550703843434,
        0.10567140703399976,
        0.10351111118992169,
        0.10346205035845439,
        0.09795131037632625,
        0.10377130409081776,
        0.10703440631429355,
        0.10346365223328273,
        0.10776587203145027,
        0.10833772892753284,
        0.10869371766845386,
        0.10488349323471387,
        0.10691896453499794,
        0.10730756943424542,
        0.10887326300144196,
        0.10505424564083417,
        0.11013731484611829,
        0.10491648937265079,
        0.10474943990508716,
        0.1008849913875262,
        0.09842410683631897,
        0.1011944351096948,
        0.10721131165822347,
        0.10621592029929161,
        0.10419898480176926,
        0.11287518218159676,
        0.10392803698778152,
        0.10665256281693776,
        0.10512978583574295,
        0.10010470077395439,
        0.10337767129143079,
        0.10337733974059422,
        0.10325617839892705,
        0.10202012956142426,
        0.10257579758763313,
        0.10263973474502563,
        0.10221230735381444,
        0.10353513434529305
    ],
    "val_vel": [
        0.00718185290073355,
        0.005743498293062051,
        0.00514480813095967,
        0.00478907876337568,
        0.004375306268533071,
        0.00368821337663879,
        0.0036909818882122636,
        0.0031493670927981534,
        0.002835325663909316,
        0.002836038746560613,
        0.0024927316699177027,
        0.002972702068897585,
        0.001974969908284644,
        0.0019086771450626354,
        0.0017885822453536093,
        0.0017234494832033913,
        0.0016594221233390272,
        0.0016401548055000603,
        0.001591465047871073,
        0.0016093617111134033,
        0.001594273780938238,
        0.0016899658367037773,
        0.0015142802925159533,
        0.0015032789281879861,
        0.00143331066162015,
        0.0014029070734977722,
        0.0013831604931813974,
        0.0013443839852698147,
        0.0013460938741142552,
        0.001334508783960094,
        0.0013158045282276969,
        0.0013072241951401036,
        0.0012873711724144716,
        0.001263201915814231,
        0.001262887439224869,
        0.0012548893379668395,
        0.0013558196757609646,
        0.0013414002411688368,
        0.0013354312783728044,
        0.001290623564273119,
        0.0012626686366274953,
        0.0012593369465321302,
        0.0013711315114051104,
        0.001362619378293554,
        0.001340983435511589,
        0.0012951839404801528,
        0.001306065571649621,
        0.0012834791753751535,
        0.0012485193049845595,
        0.0012507999393468101,
        0.001239726901985705,
        0.0012224560099033017,
        0.001225083872365455,
        0.001226521097123623,
        0.0012258751473079126
    ],
    "val_jerk": [
        0.03977332077920437,
        0.030967911084493,
        0.02711202297359705,
        0.02540756327410539,
        0.02258501450220744,
        0.017486761944989365,
        0.01838939016064008,
        0.01420368766412139,
        0.012118141942967972,
        0.012704036043335995,
        0.010057639796286821,
        0.013214810906598965,
        0.006045066441098849,
        0.006035936608289679,
        0.005226952955126762,
        0.004747252290447553,
        0.00442257154888163,
        0.004363002177948753,
        0.0040561939822509885,
        0.004155516624450684,
        0.0042484386746461196,
        0.0045517487451434135,
        0.003322614706121385,
        0.003186919571210941,
        0.002992793374384443,
        0.002776783270140489,
        0.0026517941538865366,
        0.002378804337543746,
        0.0023885545087978244,
        0.0023450844067459307,
        0.002181523149677863,
        0.0021449708146974444,
        0.0019929323073786995,
        0.0018110789630251627,
        0.0018404946701290708,
        0.001779210598518451,
        0.002382593733879427,
        0.00236863379056255,
        0.0022945149103179574,
        0.001943864025330792,
        0.0018660628702491522,
        0.0018109400795462232,
        0.002237466435569028,
        0.0024319225922226906,
        0.0022674775294338665,
        0.0019229731212059658,
        0.0020860202688102922,
        0.0019460278563201427,
        0.001707597674491505,
        0.001772110389235119,
        0.0016607840079814196,
        0.0016085353369514148,
        0.001586123233816276,
        0.0016250356178109844,
        0.0015979209371532004
    ],
    "perplexity": [
        184.0,
        327.3333333333333,
        416.8333333333333,
        418.5,
        386.0,
        276.8333333333333,
        208.5,
        226.66666666666666,
        205.5,
        210.0,
        125.16666666666667,
        75.66666666666667,
        49.666666666666664,
        61.333333333333336,
        46.0,
        40.166666666666664,
        30.333333333333332,
        28.833333333333332,
        23.0,
        18.833333333333332,
        17.0,
        16.166666666666668,
        17.166666666666668,
        13.666666666666666,
        16.666666666666668,
        16.833333333333332,
        15.166666666666666,
        14.333333333333334,
        13.833333333333334,
        13.0,
        12.833333333333334,
        11.833333333333334,
        12.0,
        13.0,
        15.333333333333334,
        14.333333333333334,
        16.0,
        14.166666666666666,
        16.5,
        14.166666666666666,
        14.0,
        15.5,
        14.166666666666666,
        4.0,
        7.5,
        14.5,
        17.333333333333332,
        15.333333333333334,
        16.333333333333332,
        18.166666666666668,
        18.333333333333332,
        18.666666666666668,
        18.833333333333332,
        18.166666666666668,
        18.333333333333332
    ],